{
  "국내": {
    "overall": {
      "ndcg": 0.209397674990435,
      "mrr": 0.11764705882352941,
      "recall": 0.055756743256743256,
      "precision": 0.11764705882352941
    },
    "paper": {
      "ndcg": 0.0,
      "mrr": 0.0,
      "recall": 0.0,
      "precision": 0.0
    },
    "dataset": {
      "ndcg": 0.47058823529411764,
      "mrr": 0.47058823529411764,
      "recall": 0.12906162464985993,
      "precision": 0.196078431372549
    }
  },
  "해외": {
    "overall": {
      "ndcg": 0.0,
      "mrr": 0.0,
      "recall": 0.0,
      "precision": 0.0
    },
    "paper": {
      "ndcg": 0.0,
      "mrr": 0.0,
      "recall": 0.0,
      "precision": 0.0
    },
    "dataset": {
      "ndcg": 0.0,
      "mrr": 0.0,
      "recall": 0.0,
      "precision": 0.0
    }
  }
}