{
  "k3": {
    "overall": {
      "ndcg": {
        "mean": 0.0,
        "std": 0.0
      },
      "mrr": {
        "mean": 0.0,
        "std": 0.0
      },
      "recall": {
        "mean": 0.0,
        "std": 0.0
      },
      "precision": {
        "mean": 0.0,
        "std": 0.0
      }
    },
    "papers": {
      "ndcg": {
        "mean": 0.0,
        "std": 0.0
      },
      "mrr": {
        "mean": 0.0,
        "std": 0.0
      },
      "recall": {
        "mean": 0.0,
        "std": 0.0
      },
      "precision": {
        "mean": 0.0,
        "std": 0.0
      }
    },
    "datasets": {
      "ndcg": {
        "mean": 0.42105263157894735,
        "std": 0.5072572735017881
      },
      "mrr": {
        "mean": 0.42105263157894735,
        "std": 0.5072572735017881
      },
      "recall": {
        "mean": 0.11547619047619047,
        "std": 0.17599060950348716
      },
      "precision": {
        "mean": 0.17543859649122806,
        "std": 0.232230756159822
      }
    }
  },
  "k5": {
    "overall": {
      "ndcg": {
        "mean": 0.18735581446512606,
        "std": 0.22636109869696255
      },
      "mrr": {
        "mean": 0.10526315789473684,
        "std": 0.12681431837544702
      },
      "recall": {
        "mean": 0.04988761238761239,
        "std": 0.07339817784063667
      },
      "precision": {
        "mean": 0.10526315789473684,
        "std": 0.1393384536958932
      }
    },
    "papers": {
      "ndcg": {
        "mean": 0.0,
        "std": 0.0
      },
      "mrr": {
        "mean": 0.0,
        "std": 0.0
      },
      "recall": {
        "mean": 0.0,
        "std": 0.0
      },
      "precision": {
        "mean": 0.0,
        "std": 0.0
      }
    },
    "datasets": {
      "ndcg": {
        "mean": 0.42105263157894735,
        "std": 0.5072572735017881
      },
      "mrr": {
        "mean": 0.42105263157894735,
        "std": 0.5072572735017881
      },
      "recall": {
        "mean": 0.11547619047619047,
        "std": 0.17599060950348716
      },
      "precision": {
        "mean": 0.17543859649122806,
        "std": 0.232230756159822
      }
    }
  },
  "k10": {
    "overall": {
      "ndcg": {
        "mean": 0.18735581446512606,
        "std": 0.22636109869696255
      },
      "mrr": {
        "mean": 0.10526315789473684,
        "std": 0.12681431837544702
      },
      "recall": {
        "mean": 0.04988761238761239,
        "std": 0.07339817784063667
      },
      "precision": {
        "mean": 0.08771929824561403,
        "std": 0.116115378079911
      }
    },
    "papers": {
      "ndcg": {
        "mean": 0.0,
        "std": 0.0
      },
      "mrr": {
        "mean": 0.0,
        "std": 0.0
      },
      "recall": {
        "mean": 0.0,
        "std": 0.0
      },
      "precision": {
        "mean": 0.0,
        "std": 0.0
      }
    },
    "datasets": {
      "ndcg": {
        "mean": 0.42105263157894735,
        "std": 0.5072572735017881
      },
      "mrr": {
        "mean": 0.42105263157894735,
        "std": 0.5072572735017881
      },
      "recall": {
        "mean": 0.11547619047619047,
        "std": 0.17599060950348716
      },
      "precision": {
        "mean": 0.17543859649122806,
        "std": 0.232230756159822
      }
    }
  }
}