{
  "summary": {
    "k3": {
      "overall": {
        "ndcg": {
          "mean": 0.8399785222421682,
          "std": 0.37344738565443486
        },
        "mrr": {
          "mean": 0.8461538461538461,
          "std": 0.37553380809940534
        },
        "recall": {
          "mean": 0.24923687423687424,
          "std": 0.14799942295663135
        },
        "precision": {
          "mean": 0.641025641025641,
          "std": 0.39584739066356955
        }
      },
      "paper": {
        "ndcg": {
          "mean": 0.8399785222421682,
          "std": 0.37344738565443486
        },
        "mrr": {
          "mean": 0.8461538461538461,
          "std": 0.37553380809940534
        },
        "recall": {
          "mean": 0.48461538461538456,
          "std": 0.29261445516792123
        },
        "precision": {
          "mean": 0.641025641025641,
          "std": 0.39584739066356955
        }
      },
      "dataset": {
        "ndcg": {
          "mean": 0.9230769230769231,
          "std": 0.2773500981126146
        },
        "mrr": {
          "mean": 0.9230769230769231,
          "std": 0.2773500981126146
        },
        "recall": {
          "mean": 0.6012820512820513,
          "std": 0.25859856800303316
        },
        "precision": {
          "mean": 0.7564102564102563,
          "std": 0.32357511446471704
        }
      }
    },
    "k5": {
      "overall": {
        "ndcg": {
          "mean": 0.8084687910413416,
          "std": 0.36338950233892386
        },
        "mrr": {
          "mean": 0.8461538461538461,
          "std": 0.37553380809940534
        },
        "recall": {
          "mean": 0.3669108669108669,
          "std": 0.19141506501818917
        },
        "precision": {
          "mean": 0.5692307692307692,
          "std": 0.32502465389724766
        }
      },
      "paper": {
        "ndcg": {
          "mean": 0.8327227056468308,
          "std": 0.3707977054569013
        },
        "mrr": {
          "mean": 0.8461538461538461,
          "std": 0.37553380809940534
        },
        "recall": {
          "mean": 0.6564102564102564,
          "std": 0.40337341751795436
        },
        "precision": {
          "mean": 0.5423076923076923,
          "std": 0.339635928756903
        }
      },
      "dataset": {
        "ndcg": {
          "mean": 0.9199458675923379,
          "std": 0.27651449112965315
        },
        "mrr": {
          "mean": 0.9230769230769231,
          "std": 0.2773500981126146
        },
        "recall": {
          "mean": 0.7474358974358974,
          "std": 0.3148960847002455
        },
        "precision": {
          "mean": 0.6384615384615385,
          "std": 0.3176435673792811
        }
      }
    }
  },
  "by_category": {
    "국내": {
      "overall": {
        "ndcg": 0.7736449348670401,
        "mrr": 0.8181818181818182,
        "recall": 0.3427128427128427,
        "precision": 0.509090909090909
      },
      "paper": {
        "ndcg": 0.8023086521280728,
        "mrr": 0.8181818181818182,
        "recall": 0.5939393939393939,
        "precision": 0.4772727272727273
      },
      "dataset": {
        "ndcg": 0.9070658409790714,
        "mrr": 0.9090909090909091,
        "recall": 0.7424242424242423,
        "precision": 0.6090909090909091
      }
    },
    "해외": {
      "overall": {
        "ndcg": 1.0,
        "mrr": 1.0,
        "recall": 0.5,
        "precision": 0.9
      },
      "paper": {
        "ndcg": 1.0,
        "mrr": 1.0,
        "recall": 1.0,
        "precision": 0.9
      },
      "dataset": {
        "ndcg": 0.990786013965304,
        "mrr": 1.0,
        "recall": 0.775,
        "precision": 0.8
      }
    }
  },
  "individual_results": [
    {
      "paper_ndcg@3": 1.0,
      "paper_mrr@3": 1.0,
      "paper_recall@3": 0.6666666666666666,
      "paper_precision@3": 0.6666666666666666,
      "dataset_ndcg@3": 1.0,
      "dataset_mrr@3": 1.0,
      "dataset_recall@3": 0.6666666666666666,
      "dataset_precision@3": 0.6666666666666666,
      "overall_ndcg@3": 1.0,
      "overall_mrr@3": 1.0,
      "overall_recall@3": 0.3333333333333333,
      "overall_precision@3": 0.6666666666666666,
      "paper_ndcg@5": 1.0,
      "paper_mrr@5": 1.0,
      "paper_recall@5": 0.6666666666666666,
      "paper_precision@5": 0.4,
      "dataset_ndcg@5": 1.0,
      "dataset_mrr@5": 1.0,
      "dataset_recall@5": 0.6666666666666666,
      "dataset_precision@5": 0.5,
      "overall_ndcg@5": 1.0,
      "overall_mrr@5": 1.0,
      "overall_recall@5": 0.3333333333333333,
      "overall_precision@5": 0.4,
      "num_predicted_papers": 5,
      "num_predicted_datasets": 4,
      "num_relevant_papers": 3,
      "num_relevant_datasets": 3,
      "test_case_index": 0,
      "dataset_id": "c1f03ab868f32371ec97a650bcdf39ac",
      "category": "국내",
      "input_title": "한반도 기상 관측 데이터 세트",
      "processing_time_ms": 33763
    },
    {
      "paper_ndcg@3": 1.0,
      "paper_mrr@3": 1.0,
      "paper_recall@3": 0.75,
      "paper_precision@3": 1.0,
      "dataset_ndcg@3": 1.0,
      "dataset_mrr@3": 1.0,
      "dataset_recall@3": 1.0,
      "dataset_precision@3": 1.0,
      "overall_ndcg@3": 1.0,
      "overall_mrr@3": 1.0,
      "overall_recall@3": 0.42857142857142855,
      "overall_precision@3": 1.0,
      "paper_ndcg@5": 1.0,
      "paper_mrr@5": 1.0,
      "paper_recall@5": 1.0,
      "paper_precision@5": 0.8,
      "dataset_ndcg@5": 1.0,
      "dataset_mrr@5": 1.0,
      "dataset_recall@5": 1.0,
      "dataset_precision@5": 0.6,
      "overall_ndcg@5": 1.0,
      "overall_mrr@5": 1.0,
      "overall_recall@5": 0.5714285714285714,
      "overall_precision@5": 0.8,
      "num_predicted_papers": 5,
      "num_predicted_datasets": 5,
      "num_relevant_papers": 4,
      "num_relevant_datasets": 3,
      "test_case_index": 1,
      "dataset_id": "8d498db96633f07fe1d82ebe43daaf45",
      "category": "국내",
      "input_title": "Landsat-5/-7/-8 및 Sentinel-2 광학 위성 영상을 활용한 천지호 GeoAI 데이터셋",
      "processing_time_ms": 37503
    },
    {
      "paper_ndcg@3": 1.0,
      "paper_mrr@3": 1.0,
      "paper_recall@3": 0.2,
      "paper_precision@3": 0.3333333333333333,
      "dataset_ndcg@3": 1.0,
      "dataset_mrr@3": 1.0,
      "dataset_recall@3": 0.5,
      "dataset_precision@3": 0.3333333333333333,
      "overall_ndcg@3": 1.0,
      "overall_mrr@3": 1.0,
      "overall_recall@3": 0.14285714285714285,
      "overall_precision@3": 0.3333333333333333,
      "paper_ndcg@5": 1.0,
      "paper_mrr@5": 1.0,
      "paper_recall@5": 0.2,
      "paper_precision@5": 0.25,
      "dataset_ndcg@5": 1.0,
      "dataset_mrr@5": 1.0,
      "dataset_recall@5": 0.5,
      "dataset_precision@5": 0.2,
      "overall_ndcg@5": 0.8503449055347546,
      "overall_mrr@5": 1.0,
      "overall_recall@5": 0.2857142857142857,
      "overall_precision@5": 0.4,
      "num_predicted_papers": 4,
      "num_predicted_datasets": 5,
      "num_relevant_papers": 5,
      "num_relevant_datasets": 2,
      "test_case_index": 2,
      "dataset_id": "c3ad2f8c1cf9e107a3f68b6972b64ad5",
      "category": "국내",
      "input_title": "이동형 도시환경 센싱 데이터 셋",
      "processing_time_ms": 28616
    },
    {
      "paper_ndcg@3": 0.0,
      "paper_mrr@3": 0.0,
      "paper_recall@3": 0.0,
      "paper_precision@3": 0.0,
      "dataset_ndcg@3": 1.0,
      "dataset_mrr@3": 1.0,
      "dataset_recall@3": 0.6,
      "dataset_precision@3": 1.0,
      "overall_ndcg@3": 0.0,
      "overall_mrr@3": 0.0,
      "overall_recall@3": 0.0,
      "overall_precision@3": 0.0,
      "paper_ndcg@5": 0.0,
      "paper_mrr@5": 0.0,
      "paper_recall@5": 0.0,
      "paper_precision@5": 0.0,
      "dataset_ndcg@5": 1.0,
      "dataset_mrr@5": 1.0,
      "dataset_recall@5": 1.0,
      "dataset_precision@5": 1.0,
      "overall_ndcg@5": 0.0,
      "overall_mrr@5": 0.0,
      "overall_recall@5": 0.0,
      "overall_precision@5": 0.0,
      "num_predicted_papers": 5,
      "num_predicted_datasets": 5,
      "num_relevant_papers": 4,