{
  "summary": {
    "k3": {
      "overall": {
        "ndcg": {
          "mean": 0.8461538461538461,
          "std": 0.37553380809940534
        },
        "mrr": {
          "mean": 0.8461538461538461,
          "std": 0.37553380809940534
        },
        "recall": {
          "mean": 0.28952991452991456,
          "std": 0.15640757263893898
        },
        "precision": {
          "mean": 0.7435897435897437,
          "std": 0.38858351868954893
        }
      },
      "paper": {
        "ndcg": {
          "mean": 0.8461538461538461,
          "std": 0.37553380809940534
        },
        "mrr": {
          "mean": 0.8461538461538461,
          "std": 0.37553380809940534
        },
        "recall": {
          "mean": 0.5743589743589743,
          "std": 0.3137006848225226
        },
        "precision": {
          "mean": 0.7435897435897437,
          "std": 0.38858351868954893
        }
      },
      "dataset": {
        "ndcg": {
          "mean": 0.9192488012915259,
          "std": 0.27654215833894213
        },
        "mrr": {
          "mean": 0.9230769230769231,
          "std": 0.2773500981126146
        },
        "recall": {
          "mean": 0.7166666666666667,
          "std": 0.29154759474226505
        },
        "precision": {
          "mean": 0.846153846153846,
          "std": 0.29235267310234303
        }
      }
    },
    "k5": {
      "overall": {
        "ndcg": {
          "mean": 0.8346419158103657,
          "std": 0.3727078613796313
        },
        "mrr": {
          "mean": 0.8461538461538461,
          "std": 0.37553380809940534
        },
        "recall": {
          "mean": 0.3748473748473748,
          "std": 0.1978604443000083
        },
        "precision": {
          "mean": 0.5846153846153846,
          "std": 0.32105595007244936
        }
      },
      "paper": {
        "ndcg": {
          "mean": 0.8461538461538461,
          "std": 0.37553380809940534
        },
        "mrr": {
          "mean": 0.8461538461538461,
          "std": 0.37553380809940534
        },
        "recall": {
          "mean": 0.7205128205128205,
          "std": 0.4067801438985013
        },
        "precision": {
          "mean": 0.573076923076923,
          "std": 0.3307915913729927
        }
      },
      "dataset": {
        "ndcg": {
          "mean": 0.9161177458069406,
          "std": 0.2756570013984753
        },
        "mrr": {
          "mean": 0.9230769230769231,
          "std": 0.2773500981126146
        },
        "recall": {
          "mean": 0.8628205128205129,
          "std": 0.284161685045439
        },
        "precision": {
          "mean": 0.7,
          "std": 0.30550504633038933
        }
      }
    }
  },
  "by_category": {
    "국내": {
      "overall": {
        "ndcg": 0.8045768095940686,
        "mrr": 0.8181818181818182,
        "recall": 0.35209235209235207,
        "precision": 0.5272727272727273
      },
      "paper": {
        "ndcg": 0.8181818181818182,
        "mrr": 0.8181818181818182,
        "recall": 0.6696969696969697,
        "precision": 0.5136363636363637
      },
      "dataset": {
        "ndcg": 0.9025416970508746,
        "mrr": 0.9090909090909091,
        "recall": 0.8787878787878788,
        "precision": 0.6818181818181818
      }
    },
    "해외": {
      "overall": {
        "ndcg": 1.0,
        "mrr": 1.0,
        "recall": 0.5,
        "precision": 0.9
      },
      "paper": {
        "ndcg": 1.0,
        "mrr": 1.0,
        "recall": 1.0,
        "precision": 0.9
      },
      "dataset": {
        "ndcg": 0.990786013965304,
        "mrr": 1.0,
        "recall": 0.775,
        "precision": 0.8
      }
    }
  },
  "individual_results": [
    {
      "paper_ndcg@3": 1.0,
      "paper_mrr@3": 1.0,
      "paper_recall@3": 0.6666666666666666,
      "paper_precision@3": 0.6666666666666666,
      "dataset_ndcg@3": 1.0,
      "dataset_mrr@3": 1.0,
      "dataset_recall@3": 1.0,
      "dataset_precision@3": 1.0,
      "overall_ndcg@3": 1.0,
      "overall_mrr@3": 1.0,
      "overall_recall@3": 0.3333333333333333,
      "overall_precision@3": 0.6666666666666666,
      "paper_ndcg@5": 1.0,
      "paper_mrr@5": 1.0,
      "paper_recall@5": 0.6666666666666666,
      "paper_precision@5": 0.4,
      "dataset_ndcg@5": 1.0,
      "dataset_mrr@5": 1.0,
      "dataset_recall@5": 1.0,
      "dataset_precision@5": 0.6,
      "overall_ndcg@5": 1.0,
      "overall_mrr@5": 1.0,
      "overall_recall@5": 0.3333333333333333,
      "overall_precision@5": 0.4,
      "num_predicted_papers": 5,
      "num_predicted_datasets": 5,
      "num_relevant_papers": 3,
      "num_relevant_datasets": 3,
      "test_case_index": 0,
      "dataset_id": "c1f03ab868f32371ec97a650bcdf39ac",
      "category": "국내",
      "input_title": "한반도 기상 관측 데이터 세트",
      "processing_time_ms": 34698
    },
    {
      "paper_ndcg@3": 1.0,
      "paper_mrr@3": 1.0,
      "paper_recall@3": 0.75,
      "paper_precision@3": 1.0,
      "dataset_ndcg@3": 1.0,
      "dataset_mrr@3": 1.0,
      "dataset_recall@3": 1.0,
      "dataset_precision@3": 1.0,
      "overall_ndcg@3": 1.0,
      "overall_mrr@3": 1.0,
      "overall_recall@3": 0.42857142857142855,
      "overall_precision@3": 1.0,
      "paper_ndcg@5": 1.0,
      "paper_mrr@5": 1.0,
      "paper_recall@5": 1.0,
      "paper_precision@5": 0.8,
      "dataset_ndcg@5": 1.0,
      "dataset_mrr@5": 1.0,
      "dataset_recall@5": 1.0,
      "dataset_precision@5": 0.6,
      "overall_ndcg@5": 1.0,
      "overall_mrr@5": 1.0,
      "overall_recall@5": 0.5714285714285714,
      "overall_precision@5": 0.8,
      "num_predicted_papers": 5,
      "num_predicted_datasets": 5,
      "num_relevant_papers": 4,
      "num_relevant_datasets": 3,
      "test_case_index": 1,
      "dataset_id": "8d498db96633f07fe1d82ebe43daaf45",
      "category": "국내",
      "input_title": "Landsat-5/-7/-8 및 Sentinel-2 광학 위성 영상을 활용한 천지호 GeoAI 데이터셋",
      "processing_time_ms": 40159
    },
    {
      "paper_ndcg@3": 1.0,
      "paper_mrr@3": 1.0,
      "paper_recall@3": 0.2,
      "paper_precision@3": 0.3333333333333333,
      "dataset_ndcg@3": 0.9502344167898356,
      "dataset_mrr@3": 1.0,
      "dataset_recall@3": 1.0,
      "dataset_precision@3": 0.6666666666666666,
      "overall_ndcg@3": 1.0,
      "overall_mrr@3": 1.0,
      "overall_recall@3": 0.14285714285714285,
      "overall_precision@3": 0.3333333333333333,
      "paper_ndcg@5": 1.0,
      "paper_mrr@5": 1.0,
      "paper_recall@5": 0.2,
      "paper_precision@5": 0.25,
      "dataset_ndcg@5": 0.9502344167898356,
      "dataset_mrr@5": 1.0,
      "dataset_recall@5": 1.0,
      "dataset_precision@5": 0.4,
      "overall_ndcg@5": 0.8503449055347546,
      "overall_mrr@5": 1.0,
      "overall_recall@5": 0.2857142857142857,
      "overall_precision@5": 0.4,
      "num_predicted_papers": 4,
      "num_predicted_datasets": 5,
      "num_relevant_papers": 5,
      "num_relevant_datasets": 2,
      "test_case_index": 2,
      "dataset_id": "c3ad2f8c1cf9e107a3f68b6972b64ad5",
      "category": "국내",
      "input_title": "이동형 도시환경 센싱 데이터 셋",
      "processing_time_ms": 34356
    },
    {
      "paper_ndcg@3": 0.0,
      "paper_mrr@3": 0.0,
      "paper_recall@3": 0.0,
      "paper_precision@3": 0.0,
      "dataset_ndcg@3": 1.0,
      "dataset_mrr@3": 1.0,
      "dataset_recall@3": 0.6,
      "dataset_precision@3": 1.0,
      "overall_ndcg@3": 0.0,
      "overall_mrr@3": 0.0,
      "overall_recall@3": 0.0,
      "overall_precision@3": 0.0,
      "paper_ndcg@5": 0.0,
      "paper_mrr@5": 0.0,
      "paper_recall@5": 0.0,
      "paper_precision@5": 0.0,
      "dataset_ndcg@5": 1.0,
      "dataset_mrr@5": 1.0,
      "dataset_recall@5": 1.0,
      "dataset_precision@5": 1.0,
      "overall_ndcg@5": 0.0,
      "overall_mrr@5": 0.0,
      "overall_recall@5": 0.0,
      "overall_precision@5": 0.0,
      "num_predicted_papers": 5,
      "num_predicted_datasets": 5,
      "num_relevant_papers": 4,
      "num_relevant_datasets": 5,