{
  "summary": {
    "k3": {
      "overall": {
        "ndcg": {
          "mean": 0.15384615384615385,
          "std": 0.37553380809940534
        },
        "mrr": {
          "mean": 0.15384615384615385,
          "std": 0.37553380809940534
        },
        "recall": {
          "mean": 0.02380952380952381,
          "std": 0.058321184351980436
        },
        "precision": {
          "mean": 0.07692307692307693,
          "std": 0.1997148965050926
        }
      },
      "paper": {
        "ndcg": {
          "mean": 0.15384615384615385,
          "std": 0.37553380809940534
        },
        "mrr": {
          "mean": 0.15384615384615385,
          "std": 0.37553380809940534
        },
        "recall": {
          "mean": 0.03736263736263736,
          "std": 0.09286418682778505
        },
        "precision": {
          "mean": 0.07692307692307693,
          "std": 0.1997148965050926
        }
      },
      "dataset": {
        "ndcg": {
          "mean": 0.5384615384615384,
          "std": 0.5188745216627708
        },
        "mrr": {
          "mean": 0.5384615384615384,
          "std": 0.5188745216627708
        },
        "recall": {
          "mean": 0.1904761904761905,
          "std": 0.23449661432847865
        },
        "precision": {
          "mean": 0.28205128205128205,
          "std": 0.32903207786188304
        }
      }
    },
    "k5": {
      "overall": {
        "ndcg": {
          "mean": 0.15384615384615385,
          "std": 0.37553380809940534
        },
        "mrr": {
          "mean": 0.15384615384615385,
          "std": 0.37553380809940534
        },
        "recall": {
          "mean": 0.02380952380952381,
          "std": 0.058321184351980436
        },
        "precision": {
          "mean": 0.04615384615384616,
          "std": 0.11982893790305565
        }
      },
      "paper": {
        "ndcg": {
          "mean": 0.15384615384615385,
          "std": 0.37553380809940534
        },
        "mrr": {
          "mean": 0.15384615384615385,
          "std": 0.37553380809940534
        },
        "recall": {
          "mean": 0.03736263736263736,
          "std": 0.09286418682778505
        },
        "precision": {
          "mean": 0.04615384615384616,
          "std": 0.11982893790305565
        }
      },
      "dataset": {
        "ndcg": {
          "mean": 0.5190771348838663,
          "std": 0.5014113825160571
        },
        "mrr": {
          "mean": 0.5384615384615384,
          "std": 0.5188745216627708
        },
        "recall": {
          "mean": 0.2545787545787546,
          "std": 0.316971540700131
        },
        "precision": {
          "mean": 0.23846153846153847,
          "std": 0.2754948926884778
        }
      }
    }
  },
  "by_category": {
    "국내": {
      "overall": {
        "ndcg": 0.18181818181818182,
        "mrr": 0.18181818181818182,
        "recall": 0.02813852813852814,
        "precision": 0.05454545454545456
      },
      "paper": {
        "ndcg": 0.18181818181818182,
        "mrr": 0.18181818181818182,
        "recall": 0.04415584415584416,
        "precision": 0.05454545454545456
      },
      "dataset": {
        "ndcg": 0.613454795771842,
        "mrr": 0.6363636363636364,
        "recall": 0.3008658008658009,
        "precision": 0.2818181818181818
      }
    },
    "해외": {
      "overall": {
        "ndcg": 0.0,
        "mrr": 0.0,
        "recall": 0.0,
        "precision": 0.0
      },
      "paper": {
        "ndcg": 0.0,
        "mrr": 0.0,
        "recall": 0.0,
        "precision": 0.0
      },
      "dataset": {
        "ndcg": 0.0,
        "mrr": 0.0,
        "recall": 0.0,
        "precision": 0.0
      }
    }
  },
  "individual_results": [
    {
      "paper_ndcg@3": 0.0,
      "paper_mrr@3": 0.0,
      "paper_recall@3": 0.0,
      "paper_precision@3": 0.0,
      "dataset_ndcg@3": 0.0,
      "dataset_mrr@3": 0.0,
      "dataset_recall@3": 0.0,
      "dataset_precision@3": 0.0,
      "overall_ndcg@3": 0.0,
      "overall_mrr@3": 0.0,
      "overall_recall@3": 0.0,
      "overall_precision@3": 0.0,
      "paper_ndcg@5": 0.0,
      "paper_mrr@5": 0.0,
      "paper_recall@5": 0.0,
      "paper_precision@5": 0.0,
      "dataset_ndcg@5": 0.0,
      "dataset_mrr@5": 0.0,
      "dataset_recall@5": 0.0,
      "dataset_precision@5": 0.0,
      "overall_ndcg@5": 0.0,
      "overall_mrr@5": 0.0,
      "overall_recall@5": 0.0,
      "overall_precision@5": 0.0,
      "num_predicted_papers": 5,
      "num_predicted_datasets": 5,
      "num_relevant_papers": 8,
      "num_relevant_datasets": 8,
      "test_case_index": 0,
      "dataset_id": "c1f03ab868f32371ec97a650bcdf39ac",
      "category": "국내",
      "input_title": "한반도 기상 관측 데이터 세트",
      "processing_time_ms": 33409
    },
    {
      "paper_ndcg@3": 1.0,
      "paper_mrr@3": 1.0,
      "paper_recall@3": 0.2857142857142857,
      "paper_precision@3": 0.6666666666666666,
      "dataset_ndcg@3": 1.0,
      "dataset_mrr@3": 1.0,
      "dataset_recall@3": 0.14285714285714285,
      "dataset_precision@3": 0.3333333333333333,
      "overall_ndcg@3": 1.0,
      "overall_mrr@3": 1.0,
      "overall_recall@3": 0.14285714285714285,
      "overall_precision@3": 0.6666666666666666,
      "paper_ndcg@5": 1.0,
      "paper_mrr@5": 1.0,
      "paper_recall@5": 0.2857142857142857,
      "paper_precision@5": 0.4,
      "dataset_ndcg@5": 1.0,
      "dataset_mrr@5": 1.0,
      "dataset_recall@5": 0.14285714285714285,
      "dataset_precision@5": 0.2,
      "overall_ndcg@5": 1.0,
      "overall_mrr@5": 1.0,
      "overall_recall@5": 0.14285714285714285,
      "overall_precision@5": 0.4,
      "num_predicted_papers": 5,
      "num_predicted_datasets": 5,
      "num_relevant_papers": 7,
      "num_relevant_datasets": 7,
      "test_case_index": 1,
      "dataset_id": "8d498db96633f07fe1d82ebe43daaf45",
      "category": "국내",
      "input_title": "Landsat-5/-7/-8 및 Sentinel-2 광학 위성 영상을 활용한 천지호 GeoAI 데이터셋",
      "processing_time_ms": 34434
    },
    {
      "paper_ndcg@3": 0.0,
      "paper_mrr@3": 0.0,
      "paper_recall@3": 0.0,
      "paper_precision@3": 0.0,
      "dataset_ndcg@3": 1.0,
      "dataset_mrr@3": 1.0,
      "dataset_recall@3": 0.3333333333333333,
      "dataset_precision@3": 0.3333333333333333,
      "overall_ndcg@3": 0.0,
      "overall_mrr@3": 0.0,
      "overall_recall@3": 0.0,
      "overall_precision@3": 0.0,
      "paper_ndcg@5": 0.0,
      "paper_mrr@5": 0.0,
      "paper_recall@5": 0.0,
      "paper_precision@5": 0.0,
      "dataset_ndcg@5": 1.0,
      "dataset_mrr@5": 1.0,
      "dataset_recall@5": 0.3333333333333333,
      "dataset_precision@5": 0.2,
      "overall_ndcg@5": 0.0,
      "overall_mrr@5": 0.0,
      "overall_recall@5": 0.0,
      "overall_precision@5": 0.0,
      "num_predicted_papers": 5,
      "num_predicted_datasets": 5,
      "num_relevant_papers": 8,
      "num_relevant_datasets": 3,
      "test_case_index": 2,
      "dataset_id": "c3ad2f8c1cf9e107a3f68b6972b64ad5",
      "category": "국내",
      "input_title": "이동형 도시환경 센싱 데이터 셋",
      "processing_time_ms": 30046
    },
    {
      "paper_ndcg@3": 0.0,
      "paper_mrr@3": 0.0,
      "paper_recall@3": 0.0,
      "paper_precision@3": 0.0,
      "dataset_ndcg@3": 1.0,
      "dataset_mrr@3": 1.0,
      "dataset_recall@3": 0.16666666666666666,
      "dataset_precision@3": 0.3333333333333333,
      "overall_ndcg@3": 0.0,
      "overall_mrr@3": 0.0,
      "overall_recall@3": 0.0,
      "overall_precision@3": 0.0,
      "paper_ndcg@5": 0.0,
      "paper_mrr@5": 0.0,
      "paper_recall@5": 0.0,
      "paper_precision@5": 0.0,
      "dataset_ndcg@5": 0.9238850086262381,
      "dataset_mrr@5": 1.0,
      "dataset_recall@5": 0.3333333333333333,
      "dataset_precision@5": 0.4,
      "overall_ndcg@5": 0.0,
      "overall_mrr@5": 0.0,
      "overall_recall@5": 0.0,
      "overall_precision@5": 0.0,
      "num_predicted_papers": 5,
      "num_predicted_datasets": 5,
      "num_relevant_papers": 8,